Date,Description,Amount,Type,Reference
2026-01-01,Salary,75000.00,CREDIT,NEFT-1001
2026-01-01,Apollo Pharmacy,478.37,DEBIT,CARD-1012
2026-01-02,Rent,18000.00,DEBIT,UPI-1002
2026-01-04,Apollo Pharmacy,321.71,DEBIT,CARD-1009
2026-01-05,Electricity Bill,2167.31,DEBIT,UPI-1003
2026-01-06,Meesho,641.29,DEBIT,UPI-1016
2026-01-07,Netflix,649.00,DEBIT,UPI-1004
2026-01-07,Ola,251.82,DEBIT,UPI-1011
2026-01-08,Airtel Recharge,599.00,DEBIT,UPI-1005
2026-01-08,Ola,127.44,DEBIT,UPI-1008
2026-01-10,Cult.fit Gym,1499.00,DEBIT,UPI-1006
2026-01-14,Zomato,169.96,DEBIT,UPI-1010
2026-01-15,PharmEasy,717.29,DEBIT,UPI-1014
2026-01-21,Apollo Pharmacy,787.33,DEBIT,CARD-1013
2026-01-24,Refund - Amazon,637.57,CREDIT,NEFT-1017
2026-01-26,Interest Credit,88.50,CREDIT,BANK-1007
2026-01-28,Swiggy,612.52,DEBIT,UPI-1015
2026-02-01,Salary,75000.00,CREDIT,NEFT-1018
2026-02-02,Rent,18000.00,DEBIT,UPI-1019
2026-02-03,Zomato,593.05,DEBIT,UPI-1030
2026-02-05,Electricity Bill,1511.30,DEBIT,UPI-1020
2026-02-07,Netflix,649.00,DEBIT,UPI-1021
2026-02-08,Airtel Recharge,599.00,DEBIT,UPI-1022
2026-02-10,Cult.fit Gym,1499.00,DEBIT,UPI-1023
2026-02-12,PharmEasy,588.43,DEBIT,UPI-1029
2026-02-13,BigBasket,2169.69,DEBIT,UPI-1027
2026-02-13,Indian Oil Petrol,1789.43,DEBIT,CARD-1033
2026-02-20,Indian Oil Petrol,2249.27,DEBIT,CARD-1025
2026-02-24,PVR Cinemas,668.11,DEBIT,UPI-1026
2026-02-25,IRCTC,1779.31,DEBIT,UPI-1031
2026-02-26,Interest Credit,112.88,CREDIT,BANK-1024
2026-02-27,Cult.fit,1499.00,DEBIT,UPI-1028
2026-02-28,Ola,374.60,DEBIT,UPI-1032
2026-03-01,Salary,75000.00,CREDIT,NEFT-1034
2026-03-02,Rent,18000.00,DEBIT,UPI-1035
2026-03-02,Amazon,2445.94,DEBIT,CARD-1046
2026-03-03,Uber,446.12,DEBIT,UPI-1047
2026-03-05,Electricity Bill,1595.18,DEBIT,UPI-1036
2026-03-06,Apollo Pharmacy,1220.78,DEBIT,CARD-1042
2026-03-06,PVR Cinemas,589.73,DEBIT,UPI-1043
2026-03-07,Netflix,649.00,DEBIT,UPI-1037
2026-03-08,Airtel Recharge,599.00,DEBIT,UPI-1038
2026-03-10,Cult.fit Gym,1499.00,DEBIT,UPI-1039
2026-03-11,Zomato,303.46,DEBIT,UPI-1045
2026-03-16,Myntra,2723.24,DEBIT,UPI-1049
2026-03-19,Amazon,1484.40,DEBIT,CARD-1048
2026-03-21,Apollo Pharmacy,507.46,DEBIT,CARD-1044
2026-03-23,BigBasket,2301.00,DEBIT,UPI-1041
2026-03-26,Interest Credit,200.79,CREDIT,BANK-1040
2026-04-01,Salary,75000.00,CREDIT,NEFT-1050
2026-04-02,Rent,18000.00,DEBIT,UPI-1051
2026-04-03,Zomato,726.94,DEBIT,UPI-1060
2026-04-04,Apollo Pharmacy,1251.23,DEBIT,CARD-1066
2026-04-05,Electricity Bill,1571.45,DEBIT,UPI-1052
2026-04-05,Starbucks,566.83,DEBIT,CARD-1061
2026-04-07,Netflix,649.00,DEBIT,UPI-1053
2026-04-08,Airtel Recharge,599.00,DEBIT,UPI-1054
2026-04-08,Blinkit,481.19,DEBIT,UPI-1059
2026-04-10,Cult.fit Gym,1499.00,DEBIT,UPI-1055
2026-04-13,Cult.fit,1499.00,DEBIT,UPI-1063
2026-04-14,PharmEasy,899.10,DEBIT,UPI-1058
2026-04-14,Cult.fit,1499.00,DEBIT,UPI-1062
2026-04-17,Indian Oil Petrol,2462.40,DEBIT,CARD-1064
2026-04-18,Indian Oil Petrol,2171.12,DEBIT,CARD-1057
2026-04-19,Refund - Amazon,204.22,CREDIT,NEFT-1068
2026-04-25,Amazon,968.92,DEBIT,CARD-1067
2026-04-26,Interest Credit,127.47,CREDIT,BANK-1056
2026-04-28,Swiggy,567.76,DEBIT,UPI-1065
2026-05-01,Salary,75000.00,CREDIT,NEFT-1069
2026-05-02,Rent,18000.00,DEBIT,UPI-1070
2026-05-03,BookMyShow,708.01,DEBIT,UPI-1085
2026-05-04,IRCTC,1578.34,DEBIT,UPI-1077
2026-05-04,Flipkart,3751.27,DEBIT,CARD-1082
2026-05-05,Electricity Bill,2266.51,DEBIT,UPI-1071
2026-05-07,Netflix,649.00,DEBIT,UPI-1072
2026-05-08,Airtel Recharge,599.00,DEBIT,UPI-1073
2026-05-08,PharmEasy,1720.42,DEBIT,UPI-1084
2026-05-10,Cult.fit Gym,1499.00,DEBIT,UPI-1074
2026-05-12,Starbucks,465.75,DEBIT,CARD-1079
2026-05-17,Cult.fit,1499.00,DEBIT,UPI-1078
2026-05-19,Refund - Amazon,1430.90,CREDIT,NEFT-1087
2026-05-20,Amazon,2891.89,DEBIT,CARD-1081
2026-05-25,Starbucks,453.07,DEBIT,CARD-1076
2026-05-25,Spotify,192.48,DEBIT,UPI-1080
2026-05-25,Apollo Pharmacy,1272.17,DEBIT,CARD-1086
2026-05-26,Interest Credit,324.69,CREDIT,BANK-1075
2026-05-27,IRCTC,735.23,DEBIT,UPI-1083
2026-06-01,Salary,75000.00,CREDIT,NEFT-1088
2026-06-02,Rent,18000.00,DEBIT,UPI-1089
2026-06-02,Amazon,761.37,DEBIT,CARD-1103
2026-06-05,Electricity Bill,1598.15,DEBIT,UPI-1090
2026-06-07,Netflix,649.00,DEBIT,UPI-1091
2026-06-07,Apollo Pharmacy,385.24,DEBIT,CARD-1105
2026-06-08,Airtel Recharge,599.00,DEBIT,UPI-1092
2026-06-08,BigBasket,1677.60,DEBIT,UPI-1099
2026-06-08,Swiggy,220.47,DEBIT,UPI-1101
2026-06-08,Indian Oil Petrol,2069.67,DEBIT,CARD-1104
2026-06-10,Cult.fit Gym,1499.00,DEBIT,UPI-1093
2026-06-13,Flipkart,2120.97,DEBIT,CARD-1097
2026-06-14,Uber,452.28,DEBIT,UPI-1095
2026-06-17,PVR Cinemas,460.50,DEBIT,UPI-1098
2026-06-19,Apollo Pharmacy,522.16,DEBIT,CARD-1100
2026-06-21,Zomato,303.39,DEBIT,UPI-1102
2026-06-25,Uber,368.05,DEBIT,UPI-1096
2026-06-26,Interest Credit,259.41,CREDIT,BANK-1094
2026-07-01,Salary,75000.00,CREDIT,NEFT-1106
2026-07-02,Rent,18000.00,DEBIT,UPI-1107
2026-07-02,Zepto,242.43,DEBIT,UPI-1116
2026-07-04,Meesho,657.44,DEBIT,UPI-1114
2026-07-04,Ola,145.14,DEBIT,UPI-1118
2026-07-05,Electricity Bill,2085.25,DEBIT,UPI-1108
2026-07-06,Indian Oil Petrol,1801.42,DEBIT,CARD-1120
2026-07-07,Netflix,649.00,DEBIT,UPI-1109
2026-07-08,Airtel Recharge,599.00,DEBIT,UPI-1110
2026-07-10,Cult.fit Gym,1499.00,DEBIT,UPI-1111
2026-07-14,PVR Cinemas,831.92,DEBIT,UPI-1115
2026-07-18,PVR Cinemas,470.09,DEBIT,UPI-1119
2026-07-24,Amazon,4483.02,DEBIT,CARD-1117
2026-07-26,Interest Credit,240.71,CREDIT,BANK-1112
2026-07-26,Meesho,468.97,DEBIT,UPI-1113
2026-07-28,BigBasket,1919.20,DEBIT,UPI-1121
2026-07-28,Apollo Pharmacy,337.07,DEBIT,CARD-1122
2026-08-01,Salary,75000.00,CREDIT,NEFT-1123
2026-08-01,Myntra,1236.49,DEBIT,UPI-1133
2026-08-02,Rent,18000.00,DEBIT,UPI-1124
2026-08-05,Electricity Bill,2048.71,DEBIT,UPI-1125
2026-08-07,Netflix,649.00,DEBIT,UPI-1126
2026-08-08,Airtel Recharge,599.00,DEBIT,UPI-1127
2026-08-10,Cult.fit Gym,1499.00,DEBIT,UPI-1128
2026-08-12,Refund - Amazon,952.93,CREDIT,NEFT-1137
2026-08-13,Zomato,260.31,DEBIT,UPI-1132
2026-08-16,BookMyShow,406.87,DEBIT,UPI-1131
2026-08-16,Blinkit,273.43,DEBIT,UPI-1136
2026-08-23,Apollo Pharmacy,1126.62,DEBIT,CARD-1135
2026-08-25,Ola,136.55,DEBIT,UPI-1130
2026-08-26,Interest Credit,85.02,CREDIT,BANK-1129
2026-08-26,PVR Cinemas,542.62,DEBIT,UPI-1134
2026-09-01,Salary,75000.00,CREDIT,NEFT-1138
2026-09-02,Rent,18000.00,DEBIT,UPI-1139
2026-09-02,PharmEasy,1015.18,DEBIT,UPI-1145
2026-09-02,Cult.fit,1499.00,DEBIT,UPI-1151
2026-09-03,Cult.fit,1499.00,DEBIT,UPI-1148
2026-09-05,Electricity Bill,2050.63,DEBIT,UPI-1140
2026-09-07,Netflix,649.00,DEBIT,UPI-1141
2026-09-08,Airtel Recharge,599.00,DEBIT,UPI-1142
2026-09-10,Cult.fit Gym,1499.00,DEBIT,UPI-1143
2026-09-17,BigBasket,2858.09,DEBIT,UPI-1147
2026-09-19,Ola,276.83,DEBIT,UPI-1150
2026-09-26,Interest Credit,334.31,CREDIT,BANK-1144
2026-09-28,Spotify,131.59,DEBIT,UPI-1146
2026-09-28,Ola,217.28,DEBIT,UPI-1149
2026-10-01,Salary,75000.00,CREDIT,NEFT-1152
2026-10-02,Rent,18000.00,DEBIT,UPI-1153
2026-10-05,Electricity Bill,2078.27,DEBIT,UPI-1154
2026-10-07,Netflix,649.00,DEBIT,UPI-1155
2026-10-08,Airtel Recharge,599.00,DEBIT,UPI-1156
2026-10-10,Cult.fit Gym,1499.00,DEBIT,UPI-1157
2026-10-26,Interest Credit,187.57,CREDIT,BANK-1158
